id;titulo;fecha;genero;paginas
1;deposit enable;90531;synergies;75768
2;moratorium Practical;53287;payment Car payment;99995
3;indexing Credit Card Account;17108;Netherlands Antillian Guilder;80693
4;Ball Integrated;22729;encompassing Corporate;56205
5;Chicken;83329;teal;29403
6;Factors;79157;Incredible withdrawal;84377
7;Maldives payment hack;79105;Buckinghamshire SMS;44472
8;Garden;52105;Buckinghamshire reintermediate;7960
9;Intelligent Concrete Mouse;35973;Credit Card Account conglomeration aggregate;80734
10;synergistic Solutions;38836;SMS Credit Card Account;14530
